{
  "manifest.json": 1612559364563,
  "i18n/i18n_en_US.properties": 1612544562172,
  "controller/App.controller.js": 1612395146474,
  "model/models.js": 1612395146478,
  "model/formatter.js": 1612400046418,
  "controller/Worklist.controller.js": 1612559294013,
  "controller/Object.controller.js": 1612461706031,
  "controller/NotFound.controller.js": 1612395146474,
  "controller/ErrorHandler.js": 1612395146474,
  "controller/BaseController.js": 1612395146474,
  "i18n/i18n.properties": 1612544556208,
  "controller/Add.controller.js": 1612559171976,
  "Component.js": 1612451375473,
  "manifest-bundle.zip": 1612559364080,
  "Component-preload.js": 1612559364476,
  "controller/Object-dbg.controller.js": 1612461706031,
  "model/formatter-dbg.js": 1612400046418,
  "controller/Worklist-dbg.controller.js": 1612559294013,
  "model/models-dbg.js": 1612395146478,
  "controller/NotFound-dbg.controller.js": 1612395146474,
  "controller/ErrorHandler-dbg.js": 1612395146474,
  "controller/BaseController-dbg.js": 1612395146474,
  "controller/App-dbg.controller.js": 1612395146474,
  "controller/Add-dbg.controller.js": 1612559171976,
  "Component-dbg.js": 1612451375473,
  "resources.json": 1612559364566,
  "view/semanticsapFAdd.view.xml": 1612537963175,
  "view/Worklist.view.xml": 1612559027203,
  "view/Supplierinfo.fragment.xml": 1612399069735,
  "view/ProductDetails.view.xml": 1612400046418,
  "view/ObjectNotFound.view.xml": 1612395146486,
  "view/Object.view.xml": 1612537963175,
  "view/NotFound.view.xml": 1612395146486,
  "view/DetailPopover.fragment.xml": 1612398829755,
  "view/App.view.xml": 1612537963175,
  "view/Add.view.xml": 1612559027199,
  "test.html": 1612395146478,
  "index.html": 1612395146478
}