{
  "model/models.js": 1612395146478,
  "controller/Object.controller.js": 1612399424762,
  "i18n/i18n.properties": 1612399717254,
  "model/formatter.js": 1612399309915,
  "controller/Worklist.controller.js": 1612398923127,
  "manifest.json": 1612399777377,
  "controller/NotFound.controller.js": 1612395146474,
  "controller/ErrorHandler.js": 1612395146474,
  "controller/BaseController.js": 1612395146474,
  "controller/App.controller.js": 1612395146474,
  "Component.js": 1612395146474,
  "manifest-bundle.zip": 1612399776938,
  "Component-preload.js": 1612399777308,
  "controller/BaseController-dbg.js": 1612395146474,
  "model/formatter-dbg.js": 1612399309915,
  "controller/Worklist-dbg.controller.js": 1612398923127,
  "controller/Object-dbg.controller.js": 1612399424762,
  "controller/NotFound-dbg.controller.js": 1612395146474,
  "controller/ErrorHandler-dbg.js": 1612395146474,
  "model/models-dbg.js": 1612395146478,
  "controller/App-dbg.controller.js": 1612395146474,
  "Component-dbg.js": 1612395146474,
  "resources.json": 1612399777381,
  "view/Worklist.view.xml": 1612398728979,
  "view/Supplierinfo.fragment.xml": 1612399069735,
  "view/ProductDetails.view.xml": 1612397208300,
  "view/ObjectNotFound.view.xml": 1612395146486,
  "view/Object.view.xml": 1612399009639,
  "view/NotFound.view.xml": 1612395146486,
  "view/DetailPopover.fragment.xml": 1612398829755,
  "view/App.view.xml": 1612395146486,
  "test.html": 1612395146478,
  "index.html": 1612395146478
}